enzyme,recognition_sequence
AatII,G_ACGT^C
AbsI,CC^TCGA_GG
Acc65I,G^GTAC_C
AccI,GT^MK_AC
AciI,C^CG_C
AclI,AA^CG_TT
AcuI,CTGAAGNNNNNNNNNNNNNN_NN^
AfeI,AGC^_GCT
AflII,C^TTAA_G
AflIII,A^CRYG_T
AgeI,A^CCGG_T
AgsI,TT_S^AA
AhdI,GACNN_N^NNGTC
AjuI,_NNNNN^NNNNNNNGAANNNNNNNTTGGNNNNNN_NNNNN^
AleI,CACNN^_NNGTG
AlfI,_NN^NNNNNNNNNNGCANNNNNNTGCNNNNNNNNNN_NN^
AloI,_NNNNN^NNNNNNNGAACNNNNNNTCCNNNNNNN_NNNNN^
AluI,AG^_CT
AlwI,GGATCNNNN^N_
AlwNI,CAG_NNN^CTG
AoxI,^GGCC_
ApaI,G_GGCC^C
ApaLI,G^TGCA_C
ApeKI,G^CWG_C
ApoI,R^AATT_Y
ArsI,_NNNNN^NNNNNNNNGACNNNNNNTTYGNNNNNN_NNNNN^
AscI,GG^CGCG_CC
AseI,AT^TA_AT
AsiSI,GCG_AT^CGC
AvaI,C^YCGR_G
AvaII,G^GWC_C
AvrII,C^CTAG_G
BaeGI,G_KGCM^C
BaeI,_NNNNN^NNNNNNNNNNACNNNNGTAYCNNNNNNN_NNNNN^
BamHI,G^GATC_C
BanI,G^GYRC_C
BanII,G_RGCY^C
BarI,_NNNNN^NNNNNNNGAAGNNNNNNTACNNNNNNN_NNNNN^
BbsI,GAAGACNN^NNNN_
BbvCI,CC^TCA_GC
BbvI,GCAGCNNNNNNNN^NNNN_
BccI,CCATCNNNN^N_
BceAI,ACGGCNNNNNNNNNNNN^NN_
BcgI,_NN^NNNNNNNNNNCGANNNNNNTGCNNNNNNNNNN_NN^
BciVI,GTATCCNNNNN_N^
BclI,T^GATC_A
BcoDI,GTCTCN^NNNN_
BfaI,C^TA_G
BfuAI,ACCTGCNNNN^NNNN_
BglI,GCCN_NNN^NGGC
BglII,A^GATC_T
BlpI,GC^TNA_GC
BlsI,GC_N^GC
BmgBI,CAC^_GTC
BmrI,ACTGGGNNNN_N^
BmtI,G_CTAG^C
BplI,_NNNNN^NNNNNNNNGAGNNNNNCTCNNNNNNNN_NNNNN^
BpmI,CTGGAGNNNNNNNNNNNNNN_NN^
Bpu10I,CC^TNA_GC
BpuEI,CTTGAGNNNNNNNNNNNNNN_NN^
BsaAI,YAC^_GTR
BsaBI,GATNN^_NNATC
BsaHI,GR^CG_YC
BsaI,GGTCTCN^NNNN_
BsaJI,C^CNNG_G
BsaWI,W^CCGG_W
BsaXI,_NNN^NNNNNNNNNACNNNNNCTCCNNNNNNN_NNN^
BseMII,CTCAGNNNNNNNN_NN^
BseRI,GAGGAGNNNNNNNN_NN^
BseYI,C^CCAG_C
BsgI,GTGCAGNNNNNNNNNNNNNN_NN^
BsiEI,CG_RY^CG
BsiHKAI,G_WGCW^C
BsiWI,C^GTAC_G
BslI,CCNN_NNN^NNGG
BsmAI,GTCTCN^NNNN_
BsmBI,CGTCTCN^NNNN_
BsmFI,GGGACNNNNNNNNNN^NNNN_
BsmI,GAATG_CN^
BsoBI,C^YCGR_G
Bsp1286I,G_DGCH^C
BspCNI,CTCAGNNNNNNN_NN^
BspDI,AT^CG_AT
BspEI,T^CCGG_A
BspHI,T^CATG_A
BspMI,ACCTGCNNNN^NNNN_
BspQI,GCTCTTCN^NNN_
BsrBI,CCG^_CTC
BsrDI,GCAATG_NN^
BsrFI,R^CCGG_Y
BsrGI,T^GTAC_A
BsrI,ACTG_GN^
BssHII,G^CGCG_C
BssSI,C^ACGA_G
BstAPI,GCAN_NNN^NTGC
BstBI,TT^CG_AA
BstEII,G^GTNAC_C
BstKTI,G_AT^C
BstNI,CC^W_GG
BstUI,CG^_CG
BstXI,CCAN_NNNN^NTGG
BstYI,R^GATC_Y
BstZ17I,GTA^_TAC
Bsu36I,CC^TNA_GG
BtgI,C^CRYG_G
BtgZI,GCGATGNNNNNNNNNN^NNNN_
BtsCI,GGATG_NN^
BtsI,GCAGTG_NN^
BtsIMutI,CAGTG_NN^
Cac8I,GCN^_NGC
ClaI,AT^CG_AT
CspCI,_NN^NNNNNNNNNNNCAANNNNNGTGGNNNNNNNNNN_NN^
CviKI-1,RG^_CY
CviQI,G^TA_C
DdeI,C^TNA_G
DpnI,GA^_TC
DpnII,^GATC_
DraI,TTT^_AAA
DraIII,CAC_NNN^GTG
DrdI,GACNN_NN^NNGTC
EaeI,Y^GGCC_R
EagI,C^GGCC_G
EarI,CTCTTCN^NNN_
EciI,GGCGGANNNNNNNNN_NN^
Eco53kI,GAG^_CTC
EcoNI,CCTNN^N_NNAGG
EcoO109I,RG^GNC_CY
EcoP15I,CAGCAGNNNNNNNNNNNNNNNNNNNNNNNNN^NN_
EcoRI,G^AATT_C
EcoRV,GAT^_ATC
Esp3I,CGTCTCN^NNNN_
FaiI,YA^_TR
FalI,_NNNNN^NNNNNNNNAAGNNNNNCTTNNNNNNNN_NNNNN^
FatI,^CATG_
FauI,CCCGCNNNN^NN_
Fnu4HI,GC^N_GC
FokI,GGATGNNNNNNNNN^NNNN_
FseI,GG_CCGG^CC
FspAI,RTGC^_GCAY
FspI,TGC^_GCA
GlaI,GC^_GC
GsaI,C_CCAG^C
HaeII,R_GCGC^Y
HaeIII,GG^_CC
HgaI,GACGCNNNNN^NNNNN_
HhaI,G_CG^C
HincII,GTY^_RAC
HindIII,A^AGCT_T
HinfI,G^ANT_C
HinP1I,G^CG_C
HpaI,GTT^_AAC
HpaII,C^CG_G
HphI,GGTGANNNNNNN_N^
Hpy166II,GTN^_NAC
Hpy188I,TC_N^GA
Hpy188III,TC^NN_GA
Hpy99I,_CGWCG^
HpyAV,CCTTCNNNNN_N^
HpyCH4III,AC_N^GT
HpyCH4IV,A^CG_T
HpyCH4V,TG^_CA
I-CeuI,TAACTATAACGGTC_CTAA^GGTAGCGAA
I-PpoI,TAACTATGACTCTC_TTAA^GGTAGCCAAAT
I-SceI,TAGGG_ATAA^CAGGGTAAT
KasI,G^GCGC_C
KpnI,G_GTAC^C
LmnI,GCTC_CN^
MauBI,CG^CGCG_CG
MboI,^GATC_
MboII,GAAGANNNNNNN_N^
MfeI,C^AATT_G
MluCI,^AATT_
MluI,A^CGCG_T
MlyI,GAGTCNNNNN^_
MmeI,TCCRACNNNNNNNNNNNNNNNNNN_NN^
MnlI,CCTCNNNNNN_N^
MreI,CG^CCGG_CG
MscI,TGG^_CCA
MseI,T^TA_A
MslI,CAYNN^_NNRTG
MspA1I,CMG^_CKG
MspI,C^CG_G
MspJI,CNNRNNNNNNNNN^NNNN_
MteI,GCGC^N_GCGC
MwoI,GCNN_NNN^NNGC
NaeI,GCC^_GGC
NarI,GG^CG_CC
Nb.BbvCI,CCTCA_GC
Nb.Bpu10I,CCTNA_GC
Nb.BsmI,GAATG_C
Nb.BsrDI,GCAATG_
Nb.BssSI,CACGA_G
Nb.BtsI,GCAGTG_
NciI,CC^S_GG
NcoI,C^CATG_G
NdeI,CA^TA_TG
NgoMIV,G^CCGG_C
NheI,G^CTAG_C
NlaIII,_CATG^
NlaIV,GGN^_NCC
NmeAIII,GCCGAGNNNNNNNNNNNNNNNNNNN_NN^
NotI,GC^GGCC_GC
NruI,TCG^_CGA
NsiI,A_TGCA^T
NspI,R_CATG^Y
Nt.AlwI,GGATCNNNN^
Nt.BbvCI,CC^TCAGC
Nt.Bpu10I,CC^TNAGC
Nt.BsmAI,GTCTCN^
Nt.BspQI,GCTCTTCN^
Nt.BstNBI,GAGTCNNNN^
Nt.CviPII,^CCD
PacI,TTA_AT^TAA
PaeR7I,C^TCGA_G
PaqCI,CACCTGCNNNN^NNNN_
PasI,CC^CWG_GG
PciI,A^CATG_T
PcsI,WCGNNN_N^NNNCGW
PflFI,GACN^N_NGTC
PflMI,CCAN_NNN^NTGG
PfoI,T^CCNGG_A
PI-PspI,TGGCAAACAGCTA_TTAT^GGGTATTATGGGT
PI-SceI,ATCTATGTCGG_GTGC^GGAGAAAGAGGTAATGAAATGG
PleI,GAGTCNNNN^N_
PluTI,G_GCGC^C
PmeI,GTTT^_AAAC
PmlI,CAC^_GTG
PpuMI,RG^GWC_CY
PshAI,GACNN^_NNGTC
PsiI,TTA^_TAA
PspGI,^CCWGG_
PspOMI,G^GGCC_C
PspXI,VC^TCGA_GB
PsrI,_NNNNN^NNNNNNNGAACNNNNNNTACNNNNNNN_NNNNN^
PstI,C_TGCA^G
PvuI,CG_AT^CG
PvuII,CAG^_CTG
RsaI,GT^_AC
RsrII,CG^GWC_CG
SacI,G_AGCT^C
SacII,CC_GC^GG
SalI,G^TCGA_C
SapI,GCTCTTCN^NNN_
Sau3AI,^GATC_
Sau96I,G^GNC_C
SbfI,CC_TGCA^GG
ScaI,AGT^_ACT
ScrFI,CC^N_GG
SetI,_ASST^
SexAI,A^CCWGG_T
SfaNI,GCATCNNNNN^NNNN_
SfcI,C^TRYA_G
SfiI,GGCCN_NNN^NGGCC
SfoI,GGC^_GCC
SgeI,CNNGNNNNNNNNN^NNNN_
SgrAI,CR^CCGG_YG
SgrDI,CG^TCGA_CG
SmaI,CCC^_GGG
SmlI,C^TYRA_G
SnaBI,TAC^_GTA
SpeI,A^CTAG_T
SphI,G_CATG^C
SrfI,GCCC^_GGGC
SspI,AAT^_ATT
StuI,AGG^_CCT
StyD4I,^CCNGG_
StyI,C^CWWG_G
SwaI,ATTT^_AAAT
TaiI,_ACGT^
TaqI,T^CG_A
TaqII,GACCGANNNNNNNNN_NN^
TatI,W^GTAC_W
TauI,G_CSG^C
TfiI,G^AWT_C
TseI,G^CWG_C
Tsp45I,^GTSAC_
TspDTI,ATGAANNNNNNNNN_NN^
TspGWI,ACGGANNNNNNNNN_NN^
TspMI,C^CCGG_G
TspRI,_NNCASTGNN^
Tth111I,GACN^N_NGTC
XbaI,T^CTAG_A
XcmI,CCANNNN_N^NNNNTGG
XhoI,C^TCGA_G
XmaI,C^CCGG_G
XmnI,GAANN^_NNTTC
ZraI,GAC^_GTC
